-- MySQL dump 10.13  Distrib 8.0.12, for Win64 (x86_64)
--
-- Host: localhost    Database: smpe
-- ------------------------------------------------------
-- Server version	8.0.12

/*!40101 SET @OLD_CHARACTER_SET_CLIENT=@@CHARACTER_SET_CLIENT */;
/*!40101 SET @OLD_CHARACTER_SET_RESULTS=@@CHARACTER_SET_RESULTS */;
/*!40101 SET @OLD_COLLATION_CONNECTION=@@COLLATION_CONNECTION */;
 SET NAMES utf8 ;
/*!40103 SET @OLD_TIME_ZONE=@@TIME_ZONE */;
/*!40103 SET TIME_ZONE='+00:00' */;
/*!40014 SET @OLD_UNIQUE_CHECKS=@@UNIQUE_CHECKS, UNIQUE_CHECKS=0 */;
/*!40014 SET @OLD_FOREIGN_KEY_CHECKS=@@FOREIGN_KEY_CHECKS, FOREIGN_KEY_CHECKS=0 */;
/*!40101 SET @OLD_SQL_MODE=@@SQL_MODE, SQL_MODE='NO_AUTO_VALUE_ON_ZERO' */;
/*!40111 SET @OLD_SQL_NOTES=@@SQL_NOTES, SQL_NOTES=0 */;

--
-- Table structure for table `sys_dept`
--

DROP TABLE IF EXISTS `sys_dept`;
/*!40101 SET @saved_cs_client     = @@character_set_client */;
 SET character_set_client = utf8mb4 ;
CREATE TABLE `sys_dept` (
  `dept_id` bigint(20) NOT NULL AUTO_INCREMENT COMMENT 'ID',
  `pid` bigint(20) DEFAULT '0' COMMENT '上级部门',
  `sub_count` int(11) DEFAULT '0' COMMENT '子部门数目',
  `name` varchar(255) NOT NULL COMMENT '名称',
  `dept_sort` int(11) DEFAULT '999' COMMENT '排序',
  `enabled` bit(1) NOT NULL COMMENT '状态',
  `create_by` varchar(255) DEFAULT NULL COMMENT '创建者',
  `update_by` varchar(255) DEFAULT NULL COMMENT '更新者',
  `create_time` datetime DEFAULT NULL COMMENT '创建日期',
  `update_time` datetime DEFAULT NULL COMMENT '更新时间',
  PRIMARY KEY (`dept_id`) USING BTREE,
  KEY `inx_pid` (`pid`),
  KEY `inx_enabled` (`enabled`)
) ENGINE=InnoDB AUTO_INCREMENT=16 DEFAULT CHARSET=utf8 ROW_FORMAT=COMPACT COMMENT='部门';
/*!40101 SET character_set_client = @saved_cs_client */;

--
-- Dumping data for table `sys_dept`
--

LOCK TABLES `sys_dept` WRITE;
/*!40000 ALTER TABLE `sys_dept` DISABLE KEYS */;
INSERT INTO `sys_dept` VALUES (2,7,0,'研发部',3,_binary '',NULL,'admin','2019-03-25 09:15:32','2020-05-10 17:37:58'),(5,7,0,'运维部',4,_binary '',NULL,NULL,'2019-03-25 09:20:44',NULL),(6,8,0,'测试部',6,_binary '',NULL,NULL,'2019-03-25 09:52:18',NULL),(7,0,2,'华南分部',0,_binary '',NULL,'admin','2019-03-25 11:04:50','2020-05-10 19:59:12'),(8,0,2,'华北分部',1,_binary '',NULL,'admin','2019-03-25 11:04:53','2020-05-14 12:54:00'),(15,8,0,'UI部门',7,_binary '','admin','admin','2020-05-13 22:56:53','2020-05-14 12:54:13');
/*!40000 ALTER TABLE `sys_dept` ENABLE KEYS */;
UNLOCK TABLES;

--
-- Table structure for table `sys_job`
--

DROP TABLE IF EXISTS `sys_job`;
/*!40101 SET @saved_cs_client     = @@character_set_client */;
 SET character_set_client = utf8mb4 ;
CREATE TABLE `sys_job` (
  `job_id` bigint(20) NOT NULL AUTO_INCREMENT COMMENT 'ID',
  `name` varchar(255) NOT NULL COMMENT '岗位名称',
  `enabled` bit(1) NOT NULL COMMENT '岗位状态',
  `job_sort` int(11) DEFAULT NULL COMMENT '排序',
  `create_by` varchar(255) DEFAULT NULL COMMENT '创建者',
  `update_by` varchar(255) DEFAULT NULL COMMENT '更新者',
  `create_time` datetime DEFAULT NULL COMMENT '创建日期',
  `update_time` datetime DEFAULT NULL COMMENT '更新时间',
  PRIMARY KEY (`job_id`) USING BTREE,
  UNIQUE KEY `uniq_name` (`name`),
  KEY `inx_enabled` (`enabled`)
) ENGINE=InnoDB AUTO_INCREMENT=17 DEFAULT CHARSET=utf8 ROW_FORMAT=COMPACT COMMENT='岗位';
/*!40101 SET character_set_client = @saved_cs_client */;

--
-- Dumping data for table `sys_job`
--

LOCK TABLES `sys_job` WRITE;
/*!40000 ALTER TABLE `sys_job` DISABLE KEYS */;
INSERT INTO `sys_job` VALUES (8,'人事',_binary '',3,NULL,NULL,'2019-03-29 14:52:28',NULL),(10,'产品',_binary '',4,NULL,NULL,'2019-03-29 14:55:51',NULL),(11,'全栈开发',_binary '',2,NULL,'admin','2019-03-31 13:39:30','2020-05-05 11:33:43'),(12,'软件测试',_binary '',5,NULL,'admin','2019-03-31 13:39:43','2020-05-10 19:56:26'),(16,'哈哈',_binary '',5,'admin','admin','2020-11-25 18:51:11','2020-11-25 18:51:11');
/*!40000 ALTER TABLE `sys_job` ENABLE KEYS */;
UNLOCK TABLES;

--
-- Table structure for table `sys_menu`
--

DROP TABLE IF EXISTS `sys_menu`;
/*!40101 SET @saved_cs_client     = @@character_set_client */;
 SET character_set_client = utf8mb4 ;
CREATE TABLE `sys_menu` (
  `menu_id` bigint(20) NOT NULL AUTO_INCREMENT COMMENT 'ID',
  `pid` bigint(20) DEFAULT '0' COMMENT '上级菜单ID',
  `sub_count` int(11) DEFAULT '0' COMMENT '子菜单数目',
  `type` int(11) DEFAULT NULL COMMENT '菜单类型',
  `title` varchar(255) DEFAULT NULL COMMENT '菜单标题',
  `name` varchar(255) DEFAULT NULL COMMENT '组件名称',
  `component` varchar(255) DEFAULT NULL COMMENT '组件',
  `menu_sort` int(11) DEFAULT NULL COMMENT '排序',
  `icon` varchar(255) DEFAULT NULL COMMENT '图标',
  `path` varchar(255) DEFAULT NULL COMMENT '链接地址',
  `i_frame` bit(1) DEFAULT NULL COMMENT '是否外链',
  `cache` bit(1) DEFAULT b'0' COMMENT '缓存',
  `hidden` bit(1) DEFAULT b'0' COMMENT '隐藏',
  `permission` varchar(255) DEFAULT NULL COMMENT '权限',
  `create_by` varchar(255) DEFAULT NULL COMMENT '创建者',
  `update_by` varchar(255) DEFAULT NULL COMMENT '更新者',
  `create_time` datetime DEFAULT NULL COMMENT '创建日期',
  `update_time` datetime DEFAULT NULL COMMENT '更新时间',
  PRIMARY KEY (`menu_id`) USING BTREE,
  UNIQUE KEY `uniq_title` (`title`),
  UNIQUE KEY `uniq_name` (`name`),
  KEY `inx_pid` (`pid`)
) ENGINE=InnoDB AUTO_INCREMENT=121 DEFAULT CHARSET=utf8 ROW_FORMAT=COMPACT COMMENT='系统菜单';
/*!40101 SET character_set_client = @saved_cs_client */;

--
-- Dumping data for table `sys_menu`
--

LOCK TABLES `sys_menu` WRITE;
/*!40000 ALTER TABLE `sys_menu` DISABLE KEYS */;
INSERT INTO `sys_menu` VALUES (1,0,7,0,'系统管理',NULL,NULL,1,'system','system',_binary '\0',_binary '\0',_binary '\0',NULL,NULL,NULL,'2018-12-18 15:11:29',NULL),(2,1,3,1,'用户管理','User','system/user/index',2,'peoples','user',_binary '\0',_binary '\0',_binary '\0','user:list',NULL,NULL,'2018-12-18 15:14:44',NULL),(3,1,3,1,'角色管理','Role','system/role/index',3,'role','role',_binary '\0',_binary '\0',_binary '\0','roles:list',NULL,NULL,'2018-12-18 15:16:07',NULL),(5,1,3,1,'菜单管理','Menu','system/menu/index',5,'menu','menu',_binary '\0',_binary '\0',_binary '\0','menu:list',NULL,NULL,'2018-12-18 15:17:28',NULL),(6,0,5,0,'系统监控',NULL,NULL,10,'monitor','monitor',_binary '\0',_binary '\0',_binary '\0',NULL,NULL,NULL,'2018-12-18 15:17:48',NULL),(7,6,0,1,'操作日志','Log','monitor/log/index',11,'log','logs',_binary '\0',_binary '\0',_binary '\0',NULL,NULL,NULL,'2018-12-18 15:18:26',NULL),(9,6,0,1,'SQL监控','Sql','monitor/sql/index',18,'sqlMonitor','druid',_binary '\0',_binary '\0',_binary '\0',NULL,NULL,NULL,'2018-12-18 15:19:34',NULL),(10,0,5,0,'组件管理',NULL,NULL,50,'zujian','components',_binary '\0',_binary '\0',_binary '\0',NULL,NULL,NULL,'2018-12-19 13:38:16',NULL),(11,10,0,1,'图标库','Icons','components/icons/index',51,'icon','icon',_binary '\0',_binary '\0',_binary '\0',NULL,NULL,NULL,'2018-12-19 13:38:49',NULL),(14,36,0,1,'邮件工具','Email','tools/email/index',35,'email','email',_binary '\0',_binary '\0',_binary '\0',NULL,NULL,NULL,'2018-12-27 10:13:09',NULL),(15,10,0,1,'富文本','Editor','components/Editor',52,'fwb','tinymce',_binary '\0',_binary '\0',_binary '\0',NULL,NULL,NULL,'2018-12-27 11:58:25',NULL),(16,36,2,1,'图床管理','Pictures','tools/picture/index',33,'image','pictures',_binary '\0',_binary '\0',_binary '\0','pictures:list',NULL,NULL,'2018-12-28 09:36:53',NULL),(18,36,3,1,'存储管理','Storage','tools/storage/index',34,'qiniu','storage',_binary '\0',_binary '\0',_binary '\0','storage:list',NULL,NULL,'2018-12-31 11:12:15',NULL),(19,36,0,1,'支付宝工具','AliPay','tools/aliPay/index',37,'alipay','aliPay',_binary '\0',_binary '\0',_binary '\0',NULL,NULL,NULL,'2018-12-31 14:52:38',NULL),(21,0,2,0,'多级菜单',NULL,'',900,'menu','nested',_binary '\0',_binary '\0',_binary '\0',NULL,NULL,NULL,'2019-01-04 16:22:03',NULL),(22,21,2,1,'二级菜单1',NULL,'nested/menu1/index',999,'menu','menu1',_binary '\0',_binary '\0',_binary '\0',NULL,NULL,NULL,'2019-01-04 16:23:29',NULL),(23,21,0,1,'二级菜单2',NULL,'nested/menu2/index',999,'menu','menu2',_binary '\0',_binary '\0',_binary '\0',NULL,NULL,NULL,'2019-01-04 16:23:57',NULL),(24,22,0,1,'三级菜单1',NULL,'nested/menu1/menu1-1',999,'menu','menu1-1',_binary '\0',_binary '\0',_binary '\0',NULL,NULL,NULL,'2019-01-04 16:24:48',NULL),(27,22,0,1,'三级菜单2',NULL,'nested/menu1/menu1-2',999,'menu','menu1-2',_binary '\0',_binary '\0',_binary '\0',NULL,NULL,NULL,'2019-01-07 17:27:32',NULL),(28,1,3,1,'任务调度','Timing','system/timing/index',999,'timing','timing',_binary '\0',_binary '\0',_binary '\0','timing:list',NULL,NULL,'2019-01-07 20:34:40',NULL),(30,36,0,1,'代码生成','GeneratorIndex','generator/index',32,'dev','generator',_binary '\0',_binary '',_binary '\0',NULL,NULL,NULL,'2019-01-11 15:45:55',NULL),(32,6,0,1,'异常日志','ErrorLog','monitor/log/errorLog',12,'error','errorLog',_binary '\0',_binary '\0',_binary '\0',NULL,NULL,NULL,'2019-01-13 13:49:03',NULL),(33,10,0,1,'Markdown','Markdown','components/MarkDown',53,'markdown','markdown',_binary '\0',_binary '\0',_binary '\0',NULL,NULL,NULL,'2019-03-08 13:46:44',NULL),(34,10,0,1,'Yaml编辑器','YamlEdit','components/YamlEdit',54,'dev','yaml',_binary '\0',_binary '\0',_binary '\0',NULL,NULL,NULL,'2019-03-08 15:49:40',NULL),(35,1,3,1,'部门管理','Dept','system/dept/index',6,'dept','dept',_binary '\0',_binary '\0',_binary '\0','dept:list',NULL,NULL,'2019-03-25 09:46:00',NULL),(36,0,8,0,'系统工具',NULL,'',30,'sys-tools','sys-tools',_binary '\0',_binary '\0',_binary '\0',NULL,NULL,NULL,'2019-03-29 10:57:35',NULL),(37,1,3,1,'岗位管理','Job','system/job/index',7,'Steve-Jobs','job',_binary '\0',_binary '\0',_binary '\0','job:list',NULL,NULL,'2019-03-29 13:51:18',NULL),(38,36,0,1,'接口文档','Swagger','tools/swagger/index',36,'swagger','swagger2',_binary '\0',_binary '\0',_binary '\0',NULL,NULL,NULL,'2019-03-29 19:57:53',NULL),(39,1,3,1,'字典管理','Dict','system/dict/index',8,'dictionary','dict',_binary '\0',_binary '\0',_binary '\0','dict:list',NULL,NULL,'2019-04-10 11:49:04',NULL),(41,6,0,1,'在线用户','OnlineUser','monitor/online/index',10,'Steve-Jobs','online',_binary '\0',_binary '\0',_binary '\0',NULL,NULL,NULL,'2019-10-26 22:08:43',NULL),(44,2,0,2,'用户新增',NULL,'',2,'','',_binary '\0',_binary '\0',_binary '\0','user:add',NULL,NULL,'2019-10-29 10:59:46',NULL),(45,2,0,2,'用户编辑',NULL,'',3,'','',_binary '\0',_binary '\0',_binary '\0','user:edit',NULL,NULL,'2019-10-29 11:00:08',NULL),(46,2,0,2,'用户删除',NULL,'',4,'','',_binary '\0',_binary '\0',_binary '\0','user:del',NULL,NULL,'2019-10-29 11:00:23',NULL),(48,3,0,2,'角色创建',NULL,'',2,'','',_binary '\0',_binary '\0',_binary '\0','roles:add',NULL,NULL,'2019-10-29 12:45:34',NULL),(49,3,0,2,'角色修改',NULL,'',3,'','',_binary '\0',_binary '\0',_binary '\0','roles:edit',NULL,NULL,'2019-10-29 12:46:16',NULL),(50,3,0,2,'角色删除',NULL,'',4,'','',_binary '\0',_binary '\0',_binary '\0','roles:del',NULL,NULL,'2019-10-29 12:46:51',NULL),(52,5,0,2,'菜单新增',NULL,'',2,'','',_binary '\0',_binary '\0',_binary '\0','menu:add',NULL,NULL,'2019-10-29 12:55:07',NULL),(53,5,0,2,'菜单编辑',NULL,'',3,'','',_binary '\0',_binary '\0',_binary '\0','menu:edit',NULL,NULL,'2019-10-29 12:55:40',NULL),(54,5,0,2,'菜单删除',NULL,'',4,'','',_binary '\0',_binary '\0',_binary '\0','menu:del',NULL,NULL,'2019-10-29 12:56:00',NULL),(56,35,0,2,'部门新增',NULL,'',2,'','',_binary '\0',_binary '\0',_binary '\0','dept:add',NULL,NULL,'2019-10-29 12:57:09',NULL),(57,35,0,2,'部门编辑',NULL,'',3,'','',_binary '\0',_binary '\0',_binary '\0','dept:edit',NULL,NULL,'2019-10-29 12:57:27',NULL),(58,35,0,2,'部门删除',NULL,'',4,'','',_binary '\0',_binary '\0',_binary '\0','dept:del',NULL,NULL,'2019-10-29 12:57:41',NULL),(60,37,0,2,'岗位新增',NULL,'',2,'','',_binary '\0',_binary '\0',_binary '\0','job:add',NULL,NULL,'2019-10-29 12:58:27',NULL),(61,37,0,2,'岗位编辑',NULL,'',3,'','',_binary '\0',_binary '\0',_binary '\0','job:edit',NULL,NULL,'2019-10-29 12:58:45',NULL),(62,37,0,2,'岗位删除',NULL,'',4,'','',_binary '\0',_binary '\0',_binary '\0','job:del',NULL,NULL,'2019-10-29 12:59:04',NULL),(64,39,0,2,'字典新增',NULL,'',2,'','',_binary '\0',_binary '\0',_binary '\0','dict:add',NULL,NULL,'2019-10-29 13:00:17',NULL),(65,39,0,2,'字典编辑',NULL,'',3,'','',_binary '\0',_binary '\0',_binary '\0','dict:edit',NULL,NULL,'2019-10-29 13:00:42',NULL),(66,39,0,2,'字典删除',NULL,'',4,'','',_binary '\0',_binary '\0',_binary '\0','dict:del',NULL,NULL,'2019-10-29 13:00:59',NULL),(70,16,0,2,'图片上传',NULL,'',2,'','',_binary '\0',_binary '\0',_binary '\0','pictures:add',NULL,NULL,'2019-10-29 13:05:34',NULL),(71,16,0,2,'图片删除',NULL,'',3,'','',_binary '\0',_binary '\0',_binary '\0','pictures:del',NULL,NULL,'2019-10-29 13:05:52',NULL),(73,28,0,2,'任务新增',NULL,'',2,'','',_binary '\0',_binary '\0',_binary '\0','timing:add',NULL,NULL,'2019-10-29 13:07:28',NULL),(74,28,0,2,'任务编辑',NULL,'',3,'','',_binary '\0',_binary '\0',_binary '\0','timing:edit',NULL,NULL,'2019-10-29 13:07:41',NULL),(75,28,0,2,'任务删除',NULL,'',4,'','',_binary '\0',_binary '\0',_binary '\0','timing:del',NULL,NULL,'2019-10-29 13:07:54',NULL),(77,18,0,2,'上传文件',NULL,'',2,'','',_binary '\0',_binary '\0',_binary '\0','storage:add',NULL,NULL,'2019-10-29 13:09:09',NULL),(78,18,0,2,'文件编辑',NULL,'',3,'','',_binary '\0',_binary '\0',_binary '\0','storage:edit',NULL,NULL,'2019-10-29 13:09:22',NULL),(79,18,0,2,'文件删除',NULL,'',4,'','',_binary '\0',_binary '\0',_binary '\0','storage:del',NULL,NULL,'2019-10-29 13:09:34',NULL),(80,6,0,1,'服务监控','ServerMonitor','monitor/server/index',14,'codeConsole','server',_binary '\0',_binary '\0',_binary '\0','monitor:list',NULL,'admin','2019-11-07 13:06:39','2020-05-04 18:20:50'),(82,36,0,1,'生成配置','GeneratorConfig','generator/config',33,'dev','generator/config/:tableName',_binary '\0',_binary '',_binary '','',NULL,NULL,'2019-11-17 20:08:56',NULL),(83,10,0,1,'图表库','Echarts','components/Echarts',50,'chart','echarts',_binary '\0',_binary '',_binary '\0','',NULL,NULL,'2019-11-21 09:04:32',NULL),(90,0,5,1,'运维管理','Mnt','',20,'mnt','mnt',_binary '\0',_binary '\0',_binary '\0',NULL,NULL,NULL,'2019-11-09 10:31:08',NULL),(92,90,3,1,'服务器','ServerDeploy','mnt/server/index',22,'server','mnt/serverDeploy',_binary '\0',_binary '\0',_binary '\0','serverDeploy:list',NULL,NULL,'2019-11-10 10:29:25',NULL),(93,90,3,1,'应用管理','App','mnt/app/index',23,'app','mnt/app',_binary '\0',_binary '\0',_binary '\0','app:list',NULL,NULL,'2019-11-10 11:05:16',NULL),(94,90,3,1,'部署管理','Deploy','mnt/deploy/index',24,'deploy','mnt/deploy',_binary '\0',_binary '\0',_binary '\0','deploy:list',NULL,NULL,'2019-11-10 15:56:55',NULL),(97,90,1,1,'部署备份','DeployHistory','mnt/deployHistory/index',25,'backup','mnt/deployHistory',_binary '\0',_binary '\0',_binary '\0','deployHistory:list',NULL,NULL,'2019-11-10 16:49:44',NULL),(98,90,3,1,'数据库管理','Database','mnt/database/index',26,'database','mnt/database',_binary '\0',_binary '\0',_binary '\0','database:list',NULL,NULL,'2019-11-10 20:40:04',NULL),(102,97,0,2,'删除',NULL,'',999,'','',_binary '\0',_binary '\0',_binary '\0','deployHistory:del',NULL,NULL,'2019-11-17 09:32:48',NULL),(103,92,0,2,'服务器新增',NULL,'',999,'','',_binary '\0',_binary '\0',_binary '\0','serverDeploy:add',NULL,NULL,'2019-11-17 11:08:33',NULL),(104,92,0,2,'服务器编辑',NULL,'',999,'','',_binary '\0',_binary '\0',_binary '\0','serverDeploy:edit',NULL,NULL,'2019-11-17 11:08:57',NULL),(105,92,0,2,'服务器删除',NULL,'',999,'','',_binary '\0',_binary '\0',_binary '\0','serverDeploy:del',NULL,NULL,'2019-11-17 11:09:15',NULL),(106,93,0,2,'应用新增',NULL,'',999,'','',_binary '\0',_binary '\0',_binary '\0','app:add',NULL,NULL,'2019-11-17 11:10:03',NULL),(107,93,0,2,'应用编辑',NULL,'',999,'','',_binary '\0',_binary '\0',_binary '\0','app:edit',NULL,NULL,'2019-11-17 11:10:28',NULL),(108,93,0,2,'应用删除',NULL,'',999,'','',_binary '\0',_binary '\0',_binary '\0','app:del',NULL,NULL,'2019-11-17 11:10:55',NULL),(109,94,0,2,'部署新增',NULL,'',999,'','',_binary '\0',_binary '\0',_binary '\0','deploy:add',NULL,NULL,'2019-11-17 11:11:22',NULL),(110,94,0,2,'部署编辑',NULL,'',999,'','',_binary '\0',_binary '\0',_binary '\0','deploy:edit',NULL,NULL,'2019-11-17 11:11:41',NULL),(111,94,0,2,'部署删除',NULL,'',999,'','',_binary '\0',_binary '\0',_binary '\0','deploy:del',NULL,NULL,'2019-11-17 11:12:01',NULL),(112,98,0,2,'数据库新增',NULL,'',999,'','',_binary '\0',_binary '\0',_binary '\0','database:add',NULL,NULL,'2019-11-17 11:12:43',NULL),(113,98,0,2,'数据库编辑',NULL,'',999,'','',_binary '\0',_binary '\0',_binary '\0','database:edit',NULL,NULL,'2019-11-17 11:12:58',NULL),(114,98,0,2,'数据库删除',NULL,'',999,'','',_binary '\0',_binary '\0',_binary '\0','database:del',NULL,NULL,'2019-11-17 11:13:14',NULL),(116,36,0,1,'生成预览','Preview','generator/preview',999,'java','generator/preview/:tableName',_binary '\0',_binary '',_binary '',NULL,NULL,NULL,'2019-11-26 14:54:36',NULL),(120,0,0,0,'内容管理',NULL,NULL,999,'chart','content',_binary '\0',_binary '\0',_binary '\0',NULL,NULL,NULL,NULL,NULL);
/*!40000 ALTER TABLE `sys_menu` ENABLE KEYS */;
UNLOCK TABLES;

--
-- Table structure for table `sys_role`
--

DROP TABLE IF EXISTS `sys_role`;
/*!40101 SET @saved_cs_client     = @@character_set_client */;
 SET character_set_client = utf8mb4 ;
CREATE TABLE `sys_role` (
  `role_id` bigint(20) NOT NULL AUTO_INCREMENT COMMENT 'ID',
  `name` varchar(255) NOT NULL COMMENT '名称',
  `level` int(11) DEFAULT NULL COMMENT '角色级别',
  `description` varchar(255) DEFAULT NULL COMMENT '描述',
  `data_scope` varchar(255) DEFAULT NULL COMMENT '数据权限',
  `create_by` varchar(255) DEFAULT NULL COMMENT '创建者',
  `update_by` varchar(255) DEFAULT NULL COMMENT '更新者',
  `create_time` datetime DEFAULT NULL COMMENT '创建日期',
  `update_time` datetime DEFAULT NULL COMMENT '更新时间',
  PRIMARY KEY (`role_id`) USING BTREE,
  UNIQUE KEY `uniq_name` (`name`),
  KEY `role_name_index` (`name`)
) ENGINE=InnoDB AUTO_INCREMENT=3 DEFAULT CHARSET=utf8 ROW_FORMAT=COMPACT COMMENT='角色表';
/*!40101 SET character_set_client = @saved_cs_client */;

--
-- Dumping data for table `sys_role`
--

LOCK TABLES `sys_role` WRITE;
/*!40000 ALTER TABLE `sys_role` DISABLE KEYS */;
INSERT INTO `sys_role` VALUES (1,'超级管理员',1,'-','全部',NULL,'admin','2018-11-23 11:04:37','2020-05-11 18:34:06'),(2,'普通用户',2,'-','自定义',NULL,'admin','2018-11-23 13:09:06','2020-05-11 18:28:45');
/*!40000 ALTER TABLE `sys_role` ENABLE KEYS */;
UNLOCK TABLES;

--
-- Table structure for table `sys_roles_depts`
--

DROP TABLE IF EXISTS `sys_roles_depts`;
/*!40101 SET @saved_cs_client     = @@character_set_client */;
 SET character_set_client = utf8mb4 ;
CREATE TABLE `sys_roles_depts` (
  `role_id` bigint(20) NOT NULL,
  `dept_id` bigint(20) NOT NULL,
  PRIMARY KEY (`role_id`,`dept_id`) USING BTREE,
  KEY `FK7qg6itn5ajdoa9h9o78v9ksur` (`dept_id`) USING BTREE
) ENGINE=InnoDB DEFAULT CHARSET=utf8 ROW_FORMAT=COMPACT COMMENT='角色部门关联';
/*!40101 SET character_set_client = @saved_cs_client */;

--
-- Dumping data for table `sys_roles_depts`
--

LOCK TABLES `sys_roles_depts` WRITE;
/*!40000 ALTER TABLE `sys_roles_depts` DISABLE KEYS */;
INSERT INTO `sys_roles_depts` VALUES (2,7);
/*!40000 ALTER TABLE `sys_roles_depts` ENABLE KEYS */;
UNLOCK TABLES;

--
-- Table structure for table `sys_roles_menus`
--

DROP TABLE IF EXISTS `sys_roles_menus`;
/*!40101 SET @saved_cs_client     = @@character_set_client */;
 SET character_set_client = utf8mb4 ;
CREATE TABLE `sys_roles_menus` (
  `menu_id` bigint(20) NOT NULL COMMENT '菜单ID',
  `role_id` bigint(20) NOT NULL COMMENT '角色ID',
  PRIMARY KEY (`menu_id`,`role_id`) USING BTREE,
  KEY `FKcngg2qadojhi3a651a5adkvbq` (`role_id`) USING BTREE
) ENGINE=InnoDB DEFAULT CHARSET=utf8 ROW_FORMAT=COMPACT COMMENT='角色菜单关联';
/*!40101 SET character_set_client = @saved_cs_client */;

--
-- Dumping data for table `sys_roles_menus`
--

LOCK TABLES `sys_roles_menus` WRITE;
/*!40000 ALTER TABLE `sys_roles_menus` DISABLE KEYS */;
INSERT INTO `sys_roles_menus` VALUES (1,1),(2,1),(3,1),(5,1),(6,1),(7,1),(9,1),(10,1),(11,1),(14,1),(15,1),(16,1),(18,1),(19,1),(21,1),(22,1),(23,1),(24,1),(27,1),(28,1),(30,1),(32,1),(33,1),(34,1),(35,1),(36,1),(37,1),(38,1),(39,1),(41,1),(80,1),(82,1),(83,1),(90,1),(92,1),(93,1),(94,1),(97,1),(98,1),(116,1),(1,2),(2,2),(3,2),(5,2),(10,2),(21,2),(36,2);
/*!40000 ALTER TABLE `sys_roles_menus` ENABLE KEYS */;
UNLOCK TABLES;

--
-- Table structure for table `sys_user`
--

DROP TABLE IF EXISTS `sys_user`;
/*!40101 SET @saved_cs_client     = @@character_set_client */;
 SET character_set_client = utf8mb4 ;
CREATE TABLE `sys_user` (
  `user_id` bigint(20) NOT NULL AUTO_INCREMENT COMMENT 'ID',
  `dept_id` bigint(20) DEFAULT NULL COMMENT '部门名称',
  `username` varchar(255) DEFAULT NULL COMMENT '用户名',
  `nick_name` varchar(255) DEFAULT NULL COMMENT '昵称',
  `gender` varchar(2) DEFAULT NULL COMMENT '性别',
  `phone` varchar(255) DEFAULT NULL COMMENT '手机号码',
  `email` varchar(255) DEFAULT NULL COMMENT '邮箱',
  `avatar_name` varchar(255) DEFAULT NULL COMMENT '头像地址',
  `avatar_path` varchar(255) DEFAULT NULL COMMENT '头像真实路径',
  `password` varchar(255) DEFAULT NULL COMMENT '密码',
  `is_admin` bit(1) DEFAULT b'0' COMMENT '是否为admin账号',
  `enabled` bigint(20) DEFAULT NULL COMMENT '状态：1启用、0禁用',
  `create_by` varchar(255) DEFAULT NULL COMMENT '创建者',
  `update_by` varchar(255) DEFAULT NULL COMMENT '更新着',
  `pwd_reset_time` datetime DEFAULT NULL COMMENT '修改密码的时间',
  `create_time` datetime DEFAULT NULL COMMENT '创建日期',
  `update_time` datetime DEFAULT NULL COMMENT '更新时间',
  PRIMARY KEY (`user_id`) USING BTREE,
  UNIQUE KEY `UK_kpubos9gc2cvtkb0thktkbkes` (`email`) USING BTREE,
  UNIQUE KEY `username` (`username`) USING BTREE,
  UNIQUE KEY `uniq_username` (`username`),
  UNIQUE KEY `uniq_email` (`email`),
  KEY `FK5rwmryny6jthaaxkogownknqp` (`dept_id`) USING BTREE,
  KEY `FKpq2dhypk2qgt68nauh2by22jb` (`avatar_name`) USING BTREE,
  KEY `inx_enabled` (`enabled`)
) ENGINE=InnoDB AUTO_INCREMENT=3 DEFAULT CHARSET=utf8 ROW_FORMAT=COMPACT COMMENT='系统用户';
/*!40101 SET character_set_client = @saved_cs_client */;

--
-- Dumping data for table `sys_user`
--

LOCK TABLES `sys_user` WRITE;
/*!40000 ALTER TABLE `sys_user` DISABLE KEYS */;
INSERT INTO `sys_user` VALUES (1,2,'admin','管理员','男','18888888888','201507802@qq.com',NULL,NULL,'$2a$10$Egp1/gvFlt7zhlXVfEFw4OfWQCGPw0ClmMcc6FjTnvXNRVf9zdMRa',_binary '',1,NULL,'admin','2020-05-03 16:38:31','2018-08-23 09:11:56','2020-05-05 10:12:21'),(2,2,'test','测试','男','18888888888','231@qq.com',NULL,NULL,'$2a$10$Egp1/gvFlt7zhlXVfEFw4OfWQCGPw0ClmMcc6FjTnvXNRVf9zdMRa',_binary '\0',1,'admin','admin',NULL,'2020-05-05 11:15:49','2020-05-05 11:20:51');
/*!40000 ALTER TABLE `sys_user` ENABLE KEYS */;
UNLOCK TABLES;

--
-- Table structure for table `sys_users_jobs`
--

DROP TABLE IF EXISTS `sys_users_jobs`;
/*!40101 SET @saved_cs_client     = @@character_set_client */;
 SET character_set_client = utf8mb4 ;
CREATE TABLE `sys_users_jobs` (
  `user_id` bigint(20) NOT NULL COMMENT '用户ID',
  `job_id` bigint(20) NOT NULL COMMENT '岗位ID',
  PRIMARY KEY (`user_id`,`job_id`)
) ENGINE=InnoDB DEFAULT CHARSET=utf8;
/*!40101 SET character_set_client = @saved_cs_client */;

--
-- Dumping data for table `sys_users_jobs`
--

LOCK TABLES `sys_users_jobs` WRITE;
/*!40000 ALTER TABLE `sys_users_jobs` DISABLE KEYS */;
INSERT INTO `sys_users_jobs` VALUES (1,11),(1,12),(2,12);
/*!40000 ALTER TABLE `sys_users_jobs` ENABLE KEYS */;
UNLOCK TABLES;

--
-- Table structure for table `sys_users_roles`
--

DROP TABLE IF EXISTS `sys_users_roles`;
/*!40101 SET @saved_cs_client     = @@character_set_client */;
 SET character_set_client = utf8mb4 ;
CREATE TABLE `sys_users_roles` (
  `user_id` bigint(20) NOT NULL COMMENT '用户ID',
  `role_id` bigint(20) NOT NULL COMMENT '角色ID',
  PRIMARY KEY (`user_id`,`role_id`) USING BTREE,
  KEY `FKq4eq273l04bpu4efj0jd0jb98` (`role_id`) USING BTREE
) ENGINE=InnoDB DEFAULT CHARSET=utf8 ROW_FORMAT=COMPACT COMMENT='用户角色关联';
/*!40101 SET character_set_client = @saved_cs_client */;

--
-- Dumping data for table `sys_users_roles`
--

LOCK TABLES `sys_users_roles` WRITE;
/*!40000 ALTER TABLE `sys_users_roles` DISABLE KEYS */;
INSERT INTO `sys_users_roles` VALUES (1,1),(2,1);
/*!40000 ALTER TABLE `sys_users_roles` ENABLE KEYS */;
UNLOCK TABLES;
/*!40103 SET TIME_ZONE=@OLD_TIME_ZONE */;

/*!40101 SET SQL_MODE=@OLD_SQL_MODE */;
/*!40014 SET FOREIGN_KEY_CHECKS=@OLD_FOREIGN_KEY_CHECKS */;
/*!40014 SET UNIQUE_CHECKS=@OLD_UNIQUE_CHECKS */;
/*!40101 SET CHARACTER_SET_CLIENT=@OLD_CHARACTER_SET_CLIENT */;
/*!40101 SET CHARACTER_SET_RESULTS=@OLD_CHARACTER_SET_RESULTS */;
/*!40101 SET COLLATION_CONNECTION=@OLD_COLLATION_CONNECTION */;
/*!40111 SET SQL_NOTES=@OLD_SQL_NOTES */;

-- Dump completed on 2020-12-01 16:53:24
